Country,ISO3,LocationCode,Year,0-4,5-9,10-14,15-19,20-24,25-29,30-34,35-39,40-44,45-49,50-54,55-59,60-64,65-69,70-74,75-79,80-84,85-89,90-94,95-99,100+,TotalPop_thousands,Under40_thousands,Under40_pct,Under20_thousands,Under20_pct,Age0to4_thousands,Age0to4_pct,Over65_thousands,Over65_pct
India,IND,356,2025,113100.74,117849.38,123236.04,126709.18,129802.3,125442.77,119778.23,113171.27,102039.92,88399.55,76959.69,65130.78,54262.57,42982.19,30844.61,17977.75,9614.0,4635.1,1566.87,324.57,37.99,1463865.52,969089.92,66.2,480895.35,32.85,113100.74,7.73,107983.09,7.38
China,CHN,156,2025,47520.14,80319.82,90342.08,84661.09,78825.73,82804.58,98596.4,121528.6,102496.76,92360.65,115079.53,116664.5,93736.0,70051.76,65135.12,39051.59,21380.08,10962.98,3887.29,642.81,48.57,1416096.09,684598.45,48.34,302843.14,21.39,47520.14,3.36,211160.2,14.91
United States of America,USA,840,2025,18574.53,19744.72,21061.58,22829.0,23061.81,22641.3,23968.1,24109.71,23213.68,21456.29,20506.11,20717.04,21537.54,20059.99,16520.47,12696.47,7817.14,4246.41,1909.37,530.9,73.63,347275.81,175990.75,50.68,82209.83,23.67,18574.53,5.35,63854.38,18.39
Indonesia,IDN,360,2025,22097.07,22828.96,24353.52,23553.64,22033.79,22039.81,21228.26,20713.74,20843.68,19394.51,17488.36,15280.69,12313.92,9081.52,5882.06,3493.97,2007.12,844.55,212.25,28.14,1.68,285721.24,178848.78,62.6,92833.19,32.49,22097.07,7.73,21551.29,7.54
Pakistan,PAK,586,2025,32134.1,30419.76,29948.17,27329.49,23603.54,20687.49,18010.4,15645.92,13245.16,10615.1,8806.09,7423.71,6218.3,4729.64,3086.28,1879.84,1000.35,351.43,76.39,8.11,0.3,255219.55,197778.88,77.49,119831.52,46.95,32134.1,12.59,11132.33,4.36
Nigeria,NGA,566,2025,34221.13,31747.79,30276.68,26858.43,22798.37,18257.17,15162.39,12880.66,11276.78,9472.83,7339.7,5625.63,4319.22,3163.58,2099.86,1215.09,582.67,189.34,36.52,3.73,0.2,237527.78,192202.62,80.92,123104.03,51.83,34221.13,14.41,7291.0,3.07
Brazil,BRA,76,2025,12880.0,13992.56,14384.58,14693.84,15466.28,16326.07,16012.01,16507.61,16634.89,15189.01,13356.31,11989.34,10948.32,8928.23,6696.6,4438.14,2581.04,1259.53,430.35,88.81,8.9,212812.4,120262.95,56.51,55950.97,26.29,12880.0,6.05,24431.59,11.48
Bangladesh,BGD,50,2025,16831.4,15775.08,15963.47,16947.6,16305.5,15136.34,13612.55,12424.1,11963.0,9240.18,7834.69,6566.38,5371.07,4301.86,3283.5,2115.7,1254.3,557.03,172.34,29.02,1.8,175686.9,122996.04,70.01,65517.55,37.29,16831.4,9.58,11715.55,6.67
Russian Federation,RUS,643,2025,6644.2,8451.08,9423.86,8171.49,7457.91,7018.13,9077.37,12523.49,11702.34,10596.15,9562.85,8327.59,9421.23,9084.91,7103.54,4624.88,1962.79,2021.32,607.98,194.08,20.23,143997.39,68767.53,47.76,32690.62,22.7,6644.2,4.61,25619.71,17.79
Ethiopia,ETH,231,2025,19653.56,17491.8,15390.34,14814.86,13612.86,11656.92,9753.1,7718.01,5887.61,4976.67,4039.2,3374.18,2638.16,1845.99,1223.12,801.75,407.69,148.16,33.78,4.08,0.23,135472.05,110091.44,81.27,67350.55,49.72,19653.56,14.51,4464.8,3.3
Mexico,MEX,484,2025,10122.41,10471.46,11193.54,11146.5,11100.69,10623.24,10396.95,9651.33,8773.93,8029.53,7425.2,6442.69,5325.66,4116.36,2973.26,2018.83,1233.08,626.7,221.43,48.33,5.78,131946.9,84706.12,64.2,42933.9,32.54,10122.41,7.67,11243.77,8.52
Japan,JPN,392,2025,3919.96,4654.82,5260.07,5658.2,6127.9,6109.95,6047.38,6488.52,7290.56,8466.78,9922.83,8525.29,7707.43,7261.44,7833.65,8693.0,6025.02,4139.01,2185.57,662.77,123.33,123103.48,44266.81,35.96,19493.06,15.83,3919.96,3.18,36923.78,29.99
Egypt,EGY,818,2025,11831.58,12641.66,12878.64,11034.61,9891.21,9126.34,8649.53,8520.79,7564.4,6416.76,5356.88,4511.93,3702.36,2783.68,1853.65,1029.98,405.97,133.78,29.24,2.87,0.13,118365.99,84574.36,71.45,48386.49,40.88,11831.58,10.0,6239.3,5.27
Philippines,PHL,608,2025,8953.37,11051.4,11689.88,11421.22,10744.32,10360.71,9591.23,8417.15,7340.73,6403.35,5471.56,4748.41,3908.74,2976.82,1957.78,1072.4,451.23,177.19,43.51,5.65,0.33,116786.96,82229.28,70.41,43115.88,36.92,8953.37,7.67,6684.89,5.72
Democratic Republic of the Congo,COD,180,2025,20302.05,17176.89,14367.35,11823.44,9735.42,8262.21,6829.65,5555.84,4407.27,3490.95,2959.37,2482.72,1959.7,1448.16,980.39,610.85,307.2,107.28,23.0,2.62,0.12,112832.47,94052.84,83.36,63669.72,56.43,20302.05,17.99,3479.62,3.08
Viet Nam,VNM,704,2025,6900.24,7635.51,8685.63,7453.32,6534.81,6472.39,8160.23,8594.55,8008.93,6745.76,6148.99,5558.72,5053.14,3953.86,2612.67,1530.44,811.4,469.44,210.48,50.44,7.58,101598.53,60436.68,59.49,30674.7,30.19,6900.24,6.79,9646.31,9.49
Iran (Islamic Republic of),IRN,364,2025,5899.2,7181.33,7271.45,6498.54,5867.09,6033.69,7527.23,9016.81,8672.14,6730.03,5476.38,4577.48,3735.82,3005.17,2326.06,1459.5,739.74,311.85,77.87,9.8,0.51,92417.68,55295.34,59.83,26850.52,29.05,5899.2,6.38,7930.49,8.58
Türkiye,TUR,792,2025,5351.79,6349.59,6732.64,6313.78,6298.68,6905.55,6590.8,6467.99,6577.96,6466.55,5318.6,4712.05,4330.27,3266.3,2696.12,1664.38,955.33,471.49,174.3,37.53,3.71,87685.43,51010.83,58.17,24747.81,28.22,5351.79,6.1,9269.17,10.57
Germany,DEU,276,2025,3726.08,4080.46,3868.04,3868.95,4122.99,4693.85,5079.39,5640.47,5392.37,5077.53,5245.21,6645.25,6706.0,5562.12,4596.53,3471.52,3023.57,2284.04,785.35,185.88,19.48,84075.07,35080.23,41.72,15543.53,18.49,3726.08,4.43,19928.48,23.7
Thailand,THA,764,2025,2970.7,3395.0,3957.73,4247.84,4658.82,4963.92,5065.65,4977.64,5222.25,5261.77,5334.43,5289.4,4803.08,4013.08,3003.29,2036.07,1231.27,743.91,333.52,94.74,15.77,71619.86,34237.28,47.8,14571.26,20.35,2970.7,4.15,11471.66,16.02
United Republic of Tanzania,TZA,834,2025,11226.12,10015.84,8627.5,7622.54,6587.34,5569.03,4596.16,3838.35,3180.65,2605.07,2048.04,1457.95,1025.43,813.38,610.3,397.89,204.85,84.45,27.61,6.38,0.98,70545.87,58082.88,82.33,37492.0,53.15,11226.12,15.91,2145.84,3.04
United Kingdom,GBR,826,2025,3532.41,3969.19,4297.63,4216.23,4042.2,4433.92,4707.54,4573.37,4586.88,4205.46,4468.96,4573.24,4240.82,3730.74,3221.73,2992.75,1917.91,1171.48,512.68,137.78,18.41,69551.33,33772.48,48.56,16015.45,23.03,3532.41,5.08,13703.49,19.7
France,FRA,250,2025,3324.66,3565.34,3924.01,4158.21,4162.97,3911.84,3718.49,3966.09,4044.72,4078.2,4347.29,4234.04,4190.59,3928.86,3632.1,3231.64,1876.9,1349.49,743.41,228.74,33.22,66650.8,30731.6,46.11,14972.22,22.46,3324.66,4.99,15024.35,22.54
South Africa,ZAF,710,2025,5890.54,5503.14,5261.52,5437.79,5130.79,5494.54,5703.97,5458.64,4829.16,3766.96,3017.04,2550.32,2245.04,1778.59,1242.85,684.11,383.36,224.23,106.63,31.83,6.27,64747.32,43880.93,67.77,22092.99,34.12,5890.54,9.1,4457.87,6.89
Italy,ITA,380,2025,1998.72,2277.55,2618.51,2906.72,3055.06,3099.81,3230.97,3344.16,3591.15,4141.56,4715.41,4803.72,4518.31,3831.73,3302.77,3034.94,2186.59,1572.75,704.89,187.66,23.28,59146.26,22531.5,38.09,9801.5,16.57,1998.72,3.38,14844.61,25.1
Kenya,KEN,404,2025,7201.07,6839.6,6819.34,6641.85,5736.63,4816.34,4147.99,3692.65,3024.08,2399.26,1902.38,1483.08,1090.18,730.21,444.51,285.25,154.83,78.4,32.59,9.77,2.46,57532.49,45895.47,79.77,27501.86,47.8,7201.07,12.52,1738.03,3.02
Myanmar,MMR,104,2025,4363.89,4465.73,4377.67,4374.13,4481.6,4392.28,4290.79,4102.03,4016.07,3571.38,3202.24,2790.44,2296.41,1768.03,1224.07,668.87,314.57,119.7,27.64,3.0,0.11,54850.65,34848.12,63.53,17581.42,32.05,4363.89,7.96,4125.99,7.52
Colombia,COL,170,2025,3535.71,3528.31,3617.33,3913.37,4296.99,4582.29,4571.71,4127.0,3811.09,3398.05,3055.84,2914.25,2624.23,2079.83,1502.29,981.87,557.69,235.0,75.97,15.01,1.81,53425.64,32172.71,60.22,14594.72,27.32,3535.71,6.62,5449.47,10.2
Republic of Korea,KOR,410,2025,1248.14,1750.17,2274.04,2308.76,2706.13,3450.65,3648.03,3288.57,3847.1,3867.85,4327.52,4300.33,4145.61,3686.05,2498.76,1790.87,1322.88,789.21,324.69,80.25,11.41,51667.03,20674.49,40.01,7581.11,14.67,1248.14,2.42,10504.12,20.33
Sudan,SDN,729,2025,7731.51,6943.73,6099.84,5532.03,4858.16,4266.9,3591.91,2846.87,2315.96,1844.11,1556.81,1289.84,1034.66,786.7,509.33,268.1,123.19,47.46,12.86,2.02,0.14,51662.15,41870.96,81.05,26307.11,50.92,7731.51,14.97,1749.81,3.39
Uganda,UGA,800,2025,8173.07,7345.3,6634.26,5925.43,5117.75,4376.82,3584.28,2725.55,1974.25,1526.45,1232.44,950.32,673.86,467.47,315.23,186.07,93.75,52.42,22.64,6.39,1.15,51384.89,43882.46,85.4,28078.06,54.64,8173.07,15.91,1145.11,2.23
Spain,ESP,724,2025,1709.17,2003.71,2330.42,2581.18,2540.73,2465.15,2647.47,2895.92,3346.24,3967.27,3913.71,3708.57,3416.04,2895.27,2334.81,2027.48,1496.07,929.65,525.05,139.49,16.55,47889.96,19173.75,40.04,8624.48,18.01,1709.17,3.57,10364.38,21.64
Algeria,DZA,12,2025,4504.57,4994.04,4696.65,3846.76,2979.69,2943.98,3423.69,3683.51,3618.09,3098.64,2564.98,2162.52,1689.79,1276.94,936.96,539.77,285.33,139.83,42.22,6.86,0.51,47435.31,31072.88,65.51,18042.01,38.03,4504.57,9.5,3228.41,6.81
Iraq,IRQ,368,2025,5665.57,5498.31,5776.3,4922.88,4323.88,3930.97,3485.55,2897.06,2473.54,2141.56,1819.75,1434.41,1029.17,605.1,515.69,287.71,147.08,53.57,11.43,1.2,0.06,47020.77,36500.51,77.63,21863.05,46.5,5665.57,12.05,1621.83,3.45
Argentina,ARG,32,2025,2533.05,3372.36,3730.59,3594.31,3461.52,3478.72,3497.01,3298.92,3173.59,3046.95,2613.96,2219.41,2037.92,1795.01,1493.91,1134.28,737.26,401.53,171.65,50.42,9.0,45851.38,26966.48,58.81,13230.31,28.85,2533.05,5.52,5793.06,12.63
Afghanistan,AFG,4,2025,6897.83,6208.59,5554.04,4871.79,4352.67,3722.31,2977.39,2271.56,1762.73,1457.56,1167.54,888.61,648.04,458.86,301.57,183.27,85.7,27.97,5.52,0.57,0.03,43844.11,36856.17,84.06,23532.25,53.67,6897.83,15.73,1063.47,2.43
Yemen,YEM,887,2025,6564.3,5750.08,4821.44,4274.3,3744.76,3315.07,3116.81,2668.65,2127.27,1592.9,1193.7,898.22,643.09,441.73,282.72,190.74,101.78,37.53,7.98,0.79,0.02,41773.88,34255.4,82.0,21410.11,51.25,6564.3,15.71,1063.29,2.55
Canada,CAN,124,2025,1891.85,2009.69,2109.57,2203.47,2429.14,2794.37,2883.01,2827.01,2735.36,2529.91,2422.38,2464.98,2696.18,2471.58,2048.03,1608.47,1021.84,586.98,288.2,89.92,14.81,40126.72,19148.1,47.72,8214.57,20.47,1891.85,4.71,8129.82,20.26
Angola,AGO,24,2025,6476.09,5729.33,5010.65,4183.62,3368.69,2773.41,2426.16,2105.57,1733.62,1387.12,1108.71,902.77,704.11,502.94,313.68,180.68,90.12,33.56,8.01,1.09,0.1,39040.04,32073.53,82.16,21399.69,54.81,6476.09,16.59,1130.18,2.89
Ukraine,UKR,804,2025,1317.34,1787.05,2233.74,2203.97,1977.44,2147.79,2648.29,3332.33,3218.44,2827.8,2540.04,2595.85,2755.03,2497.55,1929.6,1251.79,729.5,690.34,199.78,82.24,14.48,38980.38,17647.96,45.27,7542.1,19.35,1317.34,3.38,7395.26,18.97
Morocco,MAR,504,2025,3110.56,3238.71,3335.08,3249.63,2949.51,2859.67,2898.13,2863.45,2691.69,2405.35,2112.6,1838.81,1630.07,1337.51,937.13,542.17,284.12,112.78,29.44,4.15,0.22,38430.77,24504.73,63.76,12933.98,33.66,3110.56,8.09,3247.52,8.45
Poland,POL,616,2025,1577.78,1914.14,2023.4,2047.22,1754.99,2029.47,2497.1,2950.9,3273.45,3054.57,2626.25,2208.65,2267.28,2485.75,2229.61,1542.53,781.14,559.88,248.51,60.27,8.02,38140.91,16795.0,44.03,7562.54,19.83,1577.78,4.14,7915.7,20.75
Uzbekistan,UZB,860,2025,4532.51,3792.27,3269.41,2891.86,2467.43,2719.86,3091.13,2938.2,2466.66,2017.75,1749.7,1511.13,1356.63,978.7,642.23,322.69,173.83,97.9,28.63,4.67,0.24,37053.43,25702.67,69.37,14486.05,39.1,4532.51,12.23,2248.89,6.07
Malaysia,MYS,458,2025,2208.54,2636.77,2821.26,2786.27,3134.49,3167.07,3172.85,3113.63,2848.39,2299.88,1890.36,1603.41,1404.75,1113.92,823.46,504.34,256.32,130.8,46.8,12.33,2.2,35977.84,23040.88,64.04,10452.85,29.05,2208.54,6.14,2890.16,8.03
Mozambique,MOZ,508,2025,5895.85,5213.21,4628.92,3916.3,3291.03,2810.17,2301.88,1873.78,1480.81,1152.31,925.11,683.35,484.82,405.27,303.97,167.4,71.24,21.45,4.19,0.58,0.04,35631.65,29931.13,84.0,19654.27,55.16,5895.85,16.55,974.13,2.73
Ghana,GHA,288,2025,4273.81,4134.34,4015.01,3568.16,3184.9,2742.67,2522.56,2304.73,2012.25,1682.56,1332.98,1099.58,862.6,562.35,363.77,220.38,119.49,48.94,11.79,1.34,0.06,35064.27,26746.17,76.28,15991.32,45.61,4273.81,12.19,1328.13,3.79
Peru,PER,604,2025,2677.06,2703.56,2784.34,2887.42,2811.52,2770.08,2747.3,2618.69,2348.48,2115.82,1908.68,1606.48,1324.02,1081.7,851.71,613.86,387.29,223.55,90.89,21.12,3.1,34576.67,21999.97,63.63,11052.38,31.96,2677.06,7.74,3273.22,9.47
Saudi Arabia,SAU,682,2025,2710.87,2756.66,2697.41,2485.21,2696.74,3451.66,4003.01,3822.57,3108.77,2229.25,1589.58,1164.92,793.07,471.72,255.89,174.27,97.63,40.15,13.76,2.87,0.34,34566.33,24624.13,71.24,10650.15,30.81,2710.87,7.84,1056.62,3.06
Madagascar,MDG,450,2025,4717.04,4227.03,3804.39,3488.56,3087.45,2777.91,2263.38,1823.9,1545.9,1320.37,1075.04,828.95,643.71,493.73,342.65,178.83,80.5,32.26,8.03,0.99,0.06,32740.68,26189.66,79.99,16237.01,49.59,4717.04,14.41,1137.05,3.47
Côte d'Ivoire,CIV,384,2025,4684.56,4475.57,4073.45,3553.34,2892.76,2375.93,2175.29,2068.59,1798.78,1411.56,1030.43,750.73,552.56,380.47,239.06,138.52,71.28,28.64,8.07,1.7,0.25,32711.55,26299.49,80.4,16786.93,51.32,4684.56,14.32,867.99,2.65
Cameroon,CMR,120,2025,4497.82,4147.18,3640.61,3231.48,2719.36,2306.42,2045.75,1767.05,1456.69,1152.16,900.18,676.55,496.22,361.1,238.17,138.36,70.84,26.24,6.22,0.88,0.06,29879.34,24355.66,81.51,15517.09,51.93,4497.82,15.05,841.88,2.82
Nepal,NPL,524,2025,2717.88,2750.94,2839.64,2898.72,2863.11,2644.65,2295.11,1968.41,1774.61,1528.95,1349.84,1101.14,923.15,753.98,570.73,371.37,187.2,63.44,13.71,1.47,0.07,29618.12,20978.47,70.83,11207.18,37.84,2717.88,9.18,1961.96,6.62
Venezuela (Bolivarian Republic of),VEN,862,2025,2079.9,2336.55,2688.81,2743.06,2399.77,1876.9,1728.2,1799.04,1792.54,1755.66,1629.01,1507.12,1323.44,1089.37,782.48,517.32,303.17,126.87,33.31,4.24,0.12,28516.9,17652.24,61.9,9848.33,34.54,2079.9,7.29,2856.9,10.02
Niger,NER,562,2025,4904.08,4245.52,3755.8,3178.93,2583.59,2048.65,1593.89,1273.56,1056.88,859.81,687.3,556.77,442.16,325.32,216.11,120.11,53.32,14.06,1.86,0.1,0.0,27917.83,23584.02,84.48,16084.33,57.61,4904.08,17.57,730.89,2.62
Australia,AUS,36,2025,1548.47,1572.79,1647.64,1659.9,1624.46,1804.45,1953.14,1962.66,1877.27,1650.91,1686.6,1570.01,1535.31,1396.53,1206.24,1017.49,652.99,380.49,170.98,49.34,6.35,26974.03,13773.52,51.06,6428.8,23.83,1548.47,5.74,4880.41,18.09
Dem. People's Republic of Korea,PRK,408,2025,1692.96,1700.71,1635.77,1628.23,1749.64,1931.86,1983.2,1863.53,1736.74,1600.41,2028.19,2072.68,1569.93,1296.18,730.16,674.54,431.93,193.29,44.86,5.83,0.41,26571.04,14185.89,53.39,6657.66,25.06,1692.96,6.37,3377.2,12.71
Syrian Arab Republic,SYR,760,2025,2641.56,2057.75,2587.33,2964.67,2949.36,2581.05,1791.67,1519.37,1393.48,1255.88,1064.7,883.91,689.88,512.69,352.94,216.17,104.25,41.21,10.99,1.5,0.07,25620.43,19092.76,74.52,10251.31,40.01,2641.56,10.31,1239.82,4.84
Mali,MLI,466,2025,4343.3,3810.12,3386.11,2876.12,2309.66,1795.85,1466.36,1254.42,1071.59,860.91,637.17,457.19,334.56,249.27,176.81,104.94,49.53,13.06,1.79,0.07,0,25198.82,21241.94,84.3,14415.65,57.21,4343.3,17.24,595.47,2.36
Burkina Faso,BFA,854,2025,3386.81,3327.48,3197.2,2777.97,2272.57,1883.77,1576.72,1354.82,1140.67,903.96,677.68,525.68,403.04,290.15,184.74,106.07,49.98,13.38,1.8,0.09,0.0,24074.58,19777.34,82.15,12689.46,52.71,3386.81,14.07,646.21,2.68
Sri Lanka,LKA,144,2025,1607.4,1667.48,1766.1,1806.0,1725.14,1635.33,1612.48,1536.65,1611.92,1561.87,1337.54,1286.7,1177.04,1029.44,815.92,574.21,300.1,127.33,42.66,7.52,0.63,23229.47,13356.6,57.5,6846.99,29.48,1607.4,6.92,2897.81,12.47
"China, Taiwan Province of China",TWN,158,2025,680.48,945.52,1032.55,987.22,1213.33,1364.33,1544.67,1563.32,1908.33,1944.96,1724.62,1783.96,1783.5,1605.89,1318.34,758.67,482.49,295.0,128.89,40,6.71,23112.79,9331.43,40.37,3645.78,15.77,680.48,2.94,4636.0,20.06
Malawi,MWI,454,2025,3180.5,2915.84,2818.2,2636.34,2199.81,1828.19,1537.28,1307.48,1112.82,816.58,551.45,417.23,319.31,220.05,146.3,107.5,63.82,27.37,8.12,1.69,0.24,22216.12,18423.65,82.93,11550.89,51.99,3180.5,14.32,575.08,2.59
Zambia,ZMB,894,2025,3257.63,2967.03,2753.68,2473.74,2071.71,1769.56,1510.23,1303.32,1085.02,870.45,646.92,451.67,314.62,208.75,126.31,63.21,27.92,9.48,2.23,0.35,0.03,21913.87,18106.9,82.63,11452.08,52.26,3257.63,14.87,438.29,2.0
Chad,TCD,148,2025,3827.33,3138.7,2687.61,2269.0,1890.56,1620.13,1317.34,1031.95,819.51,685.32,556.88,414.25,300.07,203.06,129.0,67.4,30.8,11.19,2.77,0.67,0.18,21003.71,17782.62,84.66,11922.65,56.76,3827.33,18.22,445.06,2.12
Kazakhstan,KAZ,398,2025,2084.0,2052.31,1937.02,1682.34,1262.46,1217.62,1496.49,1600.14,1392.64,1210.44,1100.41,994.76,936.61,794.63,525.37,297.19,123.34,105.43,23.89,6.15,0.51,20843.75,13332.39,63.96,7755.67,37.21,2084.0,10.0,1876.5,9.0
Chile,CHL,152,2025,907.58,1136.44,1242.2,1223.63,1296.16,1512.46,1651.67,1602.0,1445.42,1345.37,1284.17,1216.74,1098.58,940.76,751.22,536.72,329.04,196.21,100.49,36.38,6.69,19859.92,10572.14,53.23,4509.85,22.71,907.58,4.57,2897.51,14.59
Somalia,SOM,706,2025,3583.66,3047.02,2519.37,2077.84,1779.73,1498.7,1139.65,932.29,783.9,616.15,481.21,382.06,298.71,223.82,155.1,82.89,36.45,13.13,2.72,0.32,0.02,19654.74,16578.25,84.35,11227.88,57.13,3583.66,18.23,514.46,2.62
Senegal,SEN,686,2025,2540.08,2344.56,2260.82,2088.36,1820.9,1604.61,1337.58,1110.3,926.51,750.14,598.72,482.33,376.77,288.06,204.71,113.63,59.65,20.79,3.23,0.21,0.0,18931.97,15107.21,79.8,9233.81,48.77,2540.08,13.42,690.29,3.65
Romania,ROU,642,2025,911.97,1014.76,1014.57,1093.48,1008.35,996.72,1054.45,1345.51,1236.84,1489.1,1455.12,1494.39,985.5,1145.59,1070.88,758.06,442.34,284.35,91.83,13.83,1.02,18908.65,8439.8,44.63,4034.78,21.34,911.97,4.82,3807.9,20.14
Guatemala,GTM,320,2025,1851.09,1977.9,1969.1,1894.89,1863.55,1742.63,1555.29,1322.58,1087.02,860.39,667.35,534.0,434.53,353.69,262.62,171.44,92.62,35.76,9.91,1.42,0.08,18687.88,14177.05,75.86,7692.99,41.17,1851.09,9.91,927.53,4.96
Netherlands,NLD,528,2025,898.04,906.25,935.63,1011.51,1176.7,1247.84,1252.11,1195.57,1108.45,1056.97,1176.23,1293.27,1259.49,1097.73,936.0,845.71,513.25,291.74,115.68,25.93,2.72,18346.82,8623.65,47.0,3751.44,20.45,898.04,4.89,3828.76,20.87
Ecuador,ECU,218,2025,1352.4,1455.54,1563.16,1587.41,1552.04,1547.91,1486.28,1368.31,1253.7,1095.57,955.98,819.45,679.87,547.16,426.54,298.68,178.32,84.16,29.89,6.67,0.84,18289.9,11913.04,65.13,5958.51,32.58,1352.4,7.39,1572.28,8.6
Cambodia,KHM,116,2025,1781.46,1800.66,1682.55,1647.37,1434.12,1304.07,1407.07,1371.19,1277.55,926.96,728.67,724.86,623.27,469.12,325.61,195.42,97.44,39.09,10.29,1.15,0.07,17847.98,12428.49,69.64,6912.04,38.73,1781.46,9.98,1138.18,6.38
Zimbabwe,ZWE,716,2025,2355.57,2199.38,2273.43,1956.28,1658.39,1219.55,941.54,965.47,1037.9,739.37,459.8,304.64,235.77,227.38,190.54,106.04,51.51,20.12,6.45,1.5,0.14,16950.8,13569.61,80.05,8784.67,51.82,2355.57,13.9,603.7,3.56
Guinea,GIN,324,2025,2242.29,2039.48,1840.93,1640.62,1417.15,1272.89,1082.22,852.39,640.75,497.66,414.84,350.8,283.29,211.52,147.89,92.32,48.62,18.88,4.57,0.58,0.03,15099.73,12387.98,82.04,7763.32,51.41,2242.29,14.85,524.42,3.47
Benin,BEN,204,2025,2227.86,2052.01,1832.5,1577.57,1337.74,1151.51,991.08,835.32,697.24,553.53,449.39,361.77,279.82,197.01,130.27,79.91,41.37,14.7,3.38,0.44,0.03,14814.46,12005.59,81.04,7689.95,51.91,2227.86,15.04,467.11,3.15
Rwanda,RWA,646,2025,1912.45,1810.82,1670.22,1593.65,1427.69,1118.84,1007.37,932.01,824.06,611.67,424.58,348.44,301.23,257.75,165.58,96.14,43.42,18.1,4.61,0.66,0.04,14569.34,11473.07,78.75,6987.14,47.96,1912.45,13.13,586.29,4.02
Burundi,BDI,108,2025,2202.89,2088.95,2037.07,1700.07,1256.44,963.57,865.99,834.52,734.49,526.96,360.98,259.56,191.86,152.65,113.2,58.65,29.2,10.45,2.26,0.26,0.01,14390.0,11949.48,83.04,8028.97,55.8,2202.89,15.31,366.67,2.55
Bolivia (Plurinational State of),BOL,68,2025,1255.7,1231.05,1217.38,1188.55,1127.64,1085.12,1019.42,907.43,772.17,664.92,558.67,462.46,369.12,277.32,192.27,129.06,74.61,33.15,12.71,2.77,0.32,12581.84,9032.3,71.79,4892.69,38.89,1255.7,9.98,722.2,5.74
Tunisia,TUN,788,2025,834.47,1017.03,1057.93,914.12,802.06,818.31,928.9,943.4,922.49,846.46,741.96,671.55,622.73,493.19,359.86,197.33,106.76,51.5,16.09,2.26,0.16,12348.57,7316.22,59.25,3823.55,30.96,834.47,6.76,1227.16,9.94
South Sudan,SSD,728,2025,1573.24,1418.86,1637.97,1555.83,1289.09,853.78,632.0,542.56,627.25,593.19,487.82,352.5,249.84,170.98,106.0,58.77,27.99,9.33,1.66,0.09,0.01,12188.79,9503.34,77.97,6185.9,50.75,1573.24,12.91,374.84,3.08
Haiti,HTI,332,2025,1225.08,1225.48,1214.97,1171.51,1101.8,1033.22,960.93,859.83,723.02,605.84,495.67,400.27,317.96,239.63,164.67,97.68,48.26,16.84,3.17,0.25,0.0,11906.1,8792.83,73.85,4837.05,40.63,1225.08,10.29,570.51,4.79
Belgium,BEL,56,2025,551.25,620.41,674.9,695.0,677.49,700.16,756.02,764.97,760.05,752.67,765.62,786.51,788.85,702.62,588.83,496.57,316.01,221.63,107.78,28.01,3.26,11758.6,5440.18,46.27,2541.55,21.61,551.25,4.69,2464.71,20.96
Jordan,JOR,400,2025,1130.08,1146.08,1202.65,1159.43,992.23,926.81,922.69,812.7,713.24,618.23,549.2,459.3,340.38,227.62,148.67,91.61,50.48,22.61,5.8,0.8,0.05,11520.68,8292.68,71.98,4638.24,40.26,1130.08,9.81,547.65,4.75
Dominican Republic,DOM,214,2025,982.05,1012.81,1023.41,981.87,961.64,920.87,896.67,814.35,735.48,667.01,596.41,524.09,460.55,371.03,257.36,155.28,84.81,47.23,20.03,6.1,1.44,11520.49,7593.67,65.91,4000.13,34.72,982.05,8.52,943.28,8.19
United Arab Emirates,ARE,784,2025,597.86,623.84,591.1,504.33,937.76,1508.58,1749.6,1599.54,1100.48,774.39,542.96,375.55,236.65,97.18,52.54,33.65,11.9,6.39,1.43,0.23,0.02,11346.0,8112.61,71.5,2317.12,20.42,597.86,5.27,203.36,1.79
Honduras,HND,340,2025,1147.83,1109.74,1073.09,1062.37,1060.2,1004.05,904.87,794.33,696.54,587.91,452.64,345.25,267.15,206.3,147.76,85.73,39.4,15.89,4.21,0.58,0.04,11005.85,8156.48,74.11,4393.03,39.92,1147.83,10.43,499.9,4.54
Cuba,CUB,192,2025,474.74,552.55,615.89,585.1,637.94,670.61,703.42,783.46,662.24,653.55,912.44,953.3,868.82,561.89,470.87,366.65,251.63,136.25,55.5,17.28,3.09,10937.2,5023.7,45.93,2228.28,20.37,474.74,4.34,1863.15,17.04
Tajikistan,TJK,762,2025,1321.89,1316.03,1230.97,985.43,853.87,887.2,826.51,777.39,600.88,472.39,405.41,359.28,310.7,217.35,121.41,56.07,25.07,14.66,3.68,0.52,0.03,10786.73,8199.3,76.01,4854.32,45.0,1321.89,12.25,438.79,4.07
Papua New Guinea,PNG,598,2025,1236.33,1194.06,1137.01,1059.47,986.27,906.16,831.76,750.87,640.77,546.89,453.42,360.62,273.0,181.61,108.52,58.25,26.42,8.98,2.03,0.32,0.03,10762.82,8101.93,75.28,4626.87,42.99,1236.33,11.49,386.18,3.59
Sweden,SWE,752,2025,531.94,614.44,633.97,635.21,609.85,619.68,758.23,749.88,668.19,641.43,671.26,671.49,622.46,551.89,509.04,501.99,367.75,192.52,80.76,21.83,2.82,10656.63,5153.2,48.36,2415.56,22.67,531.94,4.99,2228.6,20.91
Czechia,CZE,203,2025,484.25,564.15,552.08,586.76,531.8,515.06,652.83,709.87,738.47,887.22,841.12,667.88,630.71,592.99,605.93,517.79,313.65,146.35,57.12,12.09,1.12,10609.24,4596.79,43.33,2187.23,20.62,484.25,4.56,2247.04,21.18
Portugal,PRT,620,2025,426.07,442.56,455.12,516.58,562.36,562.91,553.45,574.42,674.17,781.11,791.31,742.27,732.5,683.27,620.49,531.86,377.0,242.05,110.9,27.89,3.51,10411.83,4093.49,39.32,1840.34,17.68,426.07,4.09,2596.98,24.94
Azerbaijan,AZE,31,2025,630.39,724.68,849.29,792.66,663.03,705.87,907.47,933.38,798.27,664.48,583.96,604.38,586.54,455.04,258.3,131.46,52.29,43.73,10.85,1.55,0.09,10397.71,6206.78,59.69,2997.03,28.82,630.39,6.06,953.3,9.17
Greece,GRC,300,2025,360.7,430.81,485.77,535.86,511.78,494.06,502.91,545.57,679.81,763.51,761.96,764.17,676.88,634.06,549.08,483.99,341.2,254.06,123.62,34.72,4.33,9938.84,3867.46,38.91,1813.14,18.24,360.7,3.63,2425.06,24.4
Togo,TGO,768,2025,1370.77,1268.5,1166.95,1043.47,867.43,740.35,651.8,571.05,494.13,421.29,342.11,265.86,200.56,143.75,95.13,51.7,20.6,5.39,0.72,0.04,0,9721.61,7680.33,79.0,4849.7,49.89,1370.77,14.1,317.33,3.26
Hungary,HUN,348,2025,445.12,475.27,462.08,503.95,509.52,538.11,628.89,623.7,644.8,816.65,757.64,652.28,536.33,576.58,571.8,406.87,272.62,140.11,55.37,13.17,1.44,9632.29,4186.64,43.46,1886.42,19.58,445.12,4.62,2037.95,21.16
Israel,ISR,376,2025,869.42,878.26,837.55,767.32,722.61,654.86,607.04,583.72,565.57,539.16,497.45,414.91,371.41,346.41,319.09,259.05,133.23,93.15,40.59,13.41,2.96,9517.18,5920.79,62.21,3352.56,35.23,869.42,9.14,1207.88,12.69
Austria,AUT,40,2025,405.72,447.16,436.45,438.2,467.93,534.85,617.47,627.07,625.3,577.21,621.88,707.21,684.65,559.4,429.08,361.3,298.77,183.3,69.48,18.85,2.31,9113.57,3974.84,43.61,1727.52,18.96,405.72,4.45,1922.48,21.09
Belarus,BLR,112,2025,352.56,499.6,577.45,506.86,427.51,445.48,592.4,744.57,724.0,645.95,613.06,584.21,638.77,601.17,444.45,296.56,145.15,119.47,32.72,5.38,0.27,8997.6,4146.44,46.08,1936.47,21.52,352.56,3.92,1645.17,18.28
Switzerland,CHE,756,2025,429.09,453.7,451.87,445.23,456.24,511.48,595.52,640.31,637.37,607.33,615.2,661.56,630.28,508.37,413.23,369.09,280.18,163.79,75.89,19.48,2.21,8967.41,3983.44,44.42,1779.89,19.85,429.09,4.78,1832.23,20.43
Sierra Leone,SLE,694,2025,1180.56,1099.12,1041.04,961.28,856.68,743.15,625.15,526.27,438.24,359.46,290.22,231.26,177.76,126.76,82.13,47.65,23.6,7.68,1.58,0.19,0.01,8819.79,7033.24,79.74,4281.99,48.55,1180.56,13.39,289.61,3.28
Lao People's Democratic Republic,LAO,418,2025,787.66,797.28,764.35,741.61,710.01,698.48,653.58,596.29,500.12,405.63,334.87,278.16,226.46,165.57,106.71,60.87,30.25,11.72,2.94,0.44,0.04,7873.05,5749.27,73.02,3090.9,39.26,787.66,10.0,378.54,4.81
Turkmenistan,TKM,795,2025,781.35,826.58,770.55,579.49,500.36,630.73,670.51,589.28,487.05,422.73,399.82,333.24,260.84,184.23,101.01,45.51,19.27,12.61,3.12,0.51,0.03,7618.85,5348.86,70.21,2957.99,38.82,781.35,10.26,366.3,4.81
Libya,LBY,434,2025,620.16,675.38,706.87,685.71,622.61,556.3,521.67,527.95,547.04,544.25,466.04,352.56,244.78,155.68,98.78,68.73,39.97,18.11,5.16,0.75,0.05,7458.55,4916.66,65.92,2688.12,36.04,620.16,8.31,387.22,5.19
"China, Hong Kong SAR",HKG,344,2025,210.81,252,299.82,281.25,259.71,368.14,491.92,548.77,596.05,571.73,577.86,564.21,623.36,574.07,452.17,316.52,162.35,130.38,77.48,28.18,9.31,7396.08,2712.42,36.67,1043.89,14.11,210.81,2.85,1750.45,23.67
Kyrgyzstan,KGZ,417,2025,751.87,815.74,760.11,641.72,534.53,535.89,560.9,535.12,438.33,376.31,332.5,301.52,275.31,206.5,125.45,60.37,22.46,16.62,3.47,0.31,0.0,7295.03,5135.86,70.4,2969.44,40.7,751.87,10.31,435.19,5.97
Paraguay,PRY,600,2025,672.59,678.46,638.65,591.8,573.37,594.88,581.26,539.52,462.28,365.86,314.37,285.8,243.04,179.09,126.61,85.47,49.14,21.6,7.21,1.83,0.23,7013.08,4870.54,69.45,2581.5,36.81,672.59,9.59,471.18,6.72
Nicaragua,NIC,558,2025,652.56,662.71,668.75,656.15,621.98,607.19,582.56,525.2,455.63,390.82,325.24,259.83,199.63,149.84,112.53,72.67,41.06,17.95,4.54,0.62,0.04,7007.5,4977.1,71.03,2640.16,37.68,652.56,9.31,399.26,5.7
Bulgaria,BGR,100,2025,306.57,320.43,339.88,345.82,316.82,309.23,382.91,478.56,479.11,522.62,513.76,466.71,439.14,426.45,393.81,335.78,195.87,99.29,35.9,5.51,0.41,6714.56,2800.21,41.7,1312.69,19.55,306.57,4.57,1493.02,22.24
Serbia,SRB,688,2025,301.54,324.89,327.28,333.03,350.49,361.51,401.35,433.07,473.96,485.07,463.67,443.54,447.78,456.97,460.45,310.43,165.95,103.2,36.88,6.81,1.17,6689.04,2833.17,42.36,1286.74,19.24,301.54,4.51,1541.85,23.05
Congo,COG,178,2025,910.34,851.09,828.65,706.13,562.2,464.06,407.59,373.12,335.08,291.89,235.23,185.08,135.45,91.38,54.8,30.35,14.5,5.85,1.41,0.21,0.01,6484.44,5103.19,78.7,3296.22,50.83,910.34,14.04,198.51,3.06
El Salvador,SLV,222,2025,487.74,508.16,556.28,556.31,580.23,631.23,556.49,429.37,363.25,352.81,312.49,275.39,226.83,181.58,142.01,102.9,63.1,29.35,8.52,1.38,0.08,6365.5,4305.81,67.64,2108.49,33.12,487.74,7.66,528.92,8.31
Denmark,DNK,208,2025,304.48,317.62,312.01,351.84,370.98,401.81,412.52,373.68,336.84,364.85,396.07,405.26,386.88,333.01,298.11,285.17,201.3,101.31,37.96,9.53,1.29,6002.51,2844.94,47.4,1285.95,21.42,304.48,5.07,1267.67,21.12
Singapore,SGP,702,2025,236.3,228.06,221.89,304.41,512.44,600.6,589.15,511.33,437.51,386.2,362.67,326.27,319.62,286.26,225.58,158.51,81.19,51.72,22.84,6.97,1.21,5870.75,3204.17,54.58,990.65,16.87,236.3,4.02,834.29,14.21
Lebanon,LBN,422,2025,455.87,474.81,566.05,532.85,481.31,430.08,361.72,348.57,354.1,326.08,314.42,319.85,272.85,221.38,161.85,115.75,63.74,33.18,12.36,2.41,0.18,5849.42,3651.27,62.42,2029.58,34.7,455.87,7.79,610.86,10.44
Liberia,LBR,430,2025,790.33,738.19,711.25,655.54,547.82,445.76,363.37,321.72,283.52,235.71,183.7,147.65,115.51,83.29,54.43,31.26,15.8,5.23,1.03,0.1,0.0,5731.21,4573.99,79.81,2895.31,50.52,790.33,13.79,191.13,3.33
Finland,FIN,246,2025,232.64,260.68,312.51,322.64,316.57,325.29,366.97,363.56,370.81,353.84,319.76,352.35,364.76,348.73,336.87,318.9,185.01,110.92,47.14,12.13,1.25,5623.33,2500.86,44.47,1128.47,20.07,232.64,4.14,1360.95,24.2
Norway,NOR,578,2025,275.3,298.07,322.04,342.99,348.47,371.49,395.71,394.16,367.9,354.09,376.64,372.21,331.1,299.34,262.05,234.35,151.73,80.25,34.41,9.53,1.24,5623.07,2748.23,48.87,1238.4,22.02,275.3,4.9,1072.89,19.08
State of Palestine,PSE,275,2025,712.09,717.33,671.76,582.18,496.55,449.08,431.53,361.47,283.01,223.32,179.3,148.01,118.69,87.32,60.24,37.74,19.82,7.99,1.92,0.24,0.01,5589.62,4422.0,79.11,2683.37,48.01,712.09,12.74,215.29,3.85
Central African Republic,CAF,140,2025,1038.06,839.17,806.78,674.57,563.48,423.24,291.68,206.73,149.3,114.22,104.99,98.89,80.99,59.57,36.48,16.33,6.81,1.77,0.22,0.01,0,5513.28,4843.71,87.86,3358.58,60.92,1038.06,18.83,121.18,2.2
Oman,OMN,512,2025,435.32,479.98,421.03,316.18,433.71,574.2,677.23,689.12,525.93,348.61,220.18,135.14,90.41,58.24,37.75,26.16,15.12,7.16,2.54,0.62,0.06,5494.69,4026.77,73.28,1652.51,30.07,435.32,7.92,147.64,2.69
Slovakia,SVK,703,2025,263.58,295.81,293.05,283.25,259.87,286.64,359.58,409.43,437.71,455.89,404.0,340.2,343.65,333.85,298.72,201.69,118.6,60.39,23.25,5.21,0.5,5474.88,2451.21,44.77,1135.69,20.74,263.58,4.81,1042.21,19.04
Mauritania,MRT,478,2025,828.85,749.7,674.22,580.61,478.07,399.35,338.39,284.32,234.73,191.02,157.95,126.97,98.32,72.51,48.29,28.99,14.94,5.9,1.6,0.31,0.03,5315.06,4333.5,81.53,2833.37,53.31,828.85,15.59,172.57,3.25
Ireland,IRL,372,2025,283.65,321.84,355.05,368.32,350.62,328.37,310.21,338.39,398.73,406.75,367.54,323.15,295.08,258.28,217.07,174.67,113.24,62.63,26.38,7.16,0.9,5308.04,2656.46,50.05,1328.86,25.03,283.65,5.34,860.33,16.21
New Zealand,NZL,554,2025,298.32,309.77,330.83,338.26,332.53,346.09,384.59,375.3,335.69,308.52,328.04,321.79,317.37,279.82,232.78,189.68,120.15,66.83,27.34,7.36,0.85,5251.9,2715.67,51.71,1277.17,24.32,298.32,5.68,924.82,17.61
Costa Rica,CRI,188,2025,261.37,329.39,352.67,361.31,369.91,397.59,408.68,415.1,387.3,340.61,302.35,291.95,277.61,226.63,169.37,121.12,75.55,41.44,17.35,4.85,0.79,5152.95,2896.03,56.2,1304.74,25.32,261.37,5.07,657.1,12.75
Kuwait,KWT,414,2025,269.29,308.22,325.83,287.48,257.53,430.01,537.47,629.17,609.87,473.9,354.59,241.7,141.45,77.77,42.04,22.29,10.39,5.14,1.6,0.31,0.03,5026.08,3044.99,60.58,1190.82,23.69,269.29,5.36,159.57,3.17
Panama,PAN,591,2025,354.78,380.55,385.81,369.09,359.47,350.25,336.96,324.05,304.03,276.54,260.48,232.58,195.17,151.3,114.85,80.03,51.94,28.77,11.23,2.88,0.44,4571.19,2860.95,62.59,1490.22,32.6,354.78,7.76,441.44,9.66
Croatia,HRV,191,2025,163.28,170.8,193.22,207.25,195.3,214.12,210.3,233.35,266.8,272.76,263.61,270.85,278.0,274.8,241.52,175.33,109.74,71.15,28.88,6.34,0.76,3848.16,1587.61,41.26,734.55,19.09,163.28,4.24,908.53,23.61
Georgia,GEO,268,2025,224.81,274.63,280.48,244.13,210.64,221.76,258.02,286.04,267.47,241.84,230.11,220.01,238.01,211.29,164.47,109.1,57.86,47.2,14.9,3.51,0.41,3806.67,2000.5,52.55,1024.05,26.9,224.81,5.91,608.74,15.99
Eritrea,ERI,232,2025,476.05,438.95,440.89,429.57,374.2,309.71,224.27,179.98,143.92,135.53,118.15,101.24,80.97,58.94,41.16,29.13,16.64,6.21,1.39,0.12,0.0,3607.0,2873.61,79.67,1785.46,49.5,476.05,13.2,153.59,4.26
Mongolia,MNG,496,2025,329.24,387.73,393.03,297.11,219.91,229.33,254.28,289.35,241.53,212.84,185.4,156.53,129.8,90.64,47.27,26.83,16.0,7.26,2.5,0.47,0.04,3517.1,2399.99,68.24,1407.12,40.01,329.24,9.36,191.02,5.43
Uruguay,URY,858,2025,167.37,205.28,233.12,233.07,239.6,250.3,247.92,233.09,212.77,224.14,209.04,192.88,185.01,159.51,129.56,100.02,73.94,49.12,25.86,10.06,3.04,3384.69,1809.75,53.47,838.83,24.78,167.37,4.94,551.09,16.28
Puerto Rico,PRI,630,2025,96.19,115.62,151.82,181.7,207.16,213.86,194.18,186.72,194.08,210.37,213.94,223.28,228.71,218.07,195.33,169.66,119.16,69.76,32.63,10.35,2.69,3235.29,1347.25,41.64,545.33,16.86,96.19,2.97,817.65,25.27
Bosnia and Herzegovina,BIH,70,2025,123.44,136.9,143.11,161.19,167.38,175.08,156.66,189.0,229.68,254.0,221.41,217.13,247.3,234.08,195.21,126.35,76.02,55.35,23.6,6.27,0.95,3140.1,1252.76,39.9,564.64,17.98,123.44,3.93,717.82,22.86
Qatar,QAT,634,2025,159.1,166.44,141.85,127.96,177.29,351.45,486.18,501.07,381.03,254.1,165.86,96.1,54.47,28.57,13.05,6.69,2.75,1.33,0.49,0.1,0.01,3115.89,2111.33,67.76,595.35,19.11,159.1,5.11,53.0,1.7
Namibia,NAM,516,2025,398.92,392.41,342.21,291.29,258.32,260.77,250.27,206.78,170.58,138.79,111.14,85.19,68.83,49.3,30.87,19.8,10.79,4.62,1.53,0.35,0.05,3092.82,2400.97,77.63,1424.83,46.07,398.92,12.9,117.31,3.79
Republic of Moldova,MDA,498,2025,160.78,205.08,219.41,189.36,152.5,144.21,199.42,246.65,224.94,196.53,184.74,173.04,194.37,194.64,150.56,85.94,40.62,23.25,7.99,1.81,0.28,2996.11,1517.41,50.65,774.63,25.85,160.78,5.37,505.07,16.86
Armenia,ARM,51,2025,172.66,186.1,201.82,191.12,176.22,184.69,228.73,250.57,224.72,190.06,162.77,163.77,192.73,175.91,117.9,66.89,29.83,27.06,7.28,1.43,0.09,2952.36,1591.92,53.92,751.71,25.46,172.66,5.85,426.41,14.44
Jamaica,JAM,388,2025,160.7,169.23,188.83,216.82,230.45,251.19,265.12,237.48,221.37,189.18,171.61,153.64,138.07,104.15,63.75,39.72,23.79,8.77,2.73,0.45,0.04,2837.08,1719.82,60.62,735.58,25.93,160.7,5.66,243.39,8.58
Lithuania,LTU,440,2025,115.46,147.52,147.54,141.48,148.84,178.32,205.66,205.52,184.19,177.65,192.68,195.84,202.98,183.14,136.7,105.67,80.87,53.98,21.22,4.48,0.41,2830.14,1290.34,45.59,552.0,19.5,115.46,4.08,586.46,20.72
Gambia,GMB,270,2025,391.82,368.57,360.65,313.49,263.67,231.69,202.11,162.58,125.17,94.8,82.64,74.62,60.41,41.29,24.24,13.77,7.32,2.56,0.61,0.08,0.0,2822.09,2294.56,81.31,1434.52,50.83,391.82,13.88,89.88,3.18
Albania,ALB,8,2025,138.03,151.34,170.87,161.87,179.89,213.76,232.11,203.87,165.45,149.97,159.81,174.23,181.89,167.75,126.58,87.81,59.65,33.07,11.2,2.13,0.21,2771.51,1451.74,52.38,622.11,22.45,138.03,4.98,488.4,17.62
Gabon,GAB,266,2025,333.29,318.91,287.63,245.85,212.89,190.92,189.57,182.34,160.05,129.38,100.61,76.66,57.94,42.11,29.54,18.71,10.34,4.65,1.43,0.28,0.04,2593.13,1961.39,75.64,1185.68,45.72,333.29,12.85,107.1,4.13
Botswana,BWA,72,2025,299.68,270.3,248.79,243.4,245.72,243.4,242.29,187.11,140.02,112.02,92.73,76.62,55.43,40.47,29.71,18.35,9.66,4.59,1.5,0.29,0.04,2562.12,1980.69,77.31,1062.17,41.46,299.68,11.7,104.61,4.08
Lesotho,LSO,426,2025,261.3,273.24,271.4,244.9,224.26,202.53,197.97,190.54,145.37,97.17,64.2,53.0,45.74,36.74,24.27,15.53,8.76,4.64,1.47,0.27,0.03,2363.32,1866.14,78.96,1050.84,44.46,261.3,11.06,91.71,3.88
Guinea-Bissau,GNB,624,2025,302.86,284.72,274.55,245.57,212.74,184.76,158.74,136.74,116.02,93.53,74.7,52.38,39.38,30.9,21.63,12.0,5.52,2.11,0.56,0.09,0.01,2249.51,1800.68,80.05,1107.7,49.24,302.86,13.46,72.82,3.24
Slovenia,SVN,705,2025,91.87,102.89,111.84,110.39,99.96,109.08,118.45,139.03,153.67,162.63,151.01,149.11,146.92,136.67,125.54,89.2,59.34,37.2,16.99,4.65,0.63,2117.07,883.51,41.73,416.99,19.7,91.87,4.34,470.23,22.21
Equatorial Guinea,GNQ,226,2025,259.79,240.34,218.77,188.04,154.64,135.42,138.0,140.62,116.23,92.09,75.01,58.93,47.59,31.88,21.62,11.21,5.51,2.11,0.52,0.1,0.02,1938.43,1475.62,76.12,906.94,46.79,259.79,13.4,72.96,3.76
Latvia,LVA,428,2025,77.21,101.77,102.53,103.09,89.72,83.33,111.34,137.46,131.1,122.35,129.15,124.02,129.1,122.46,97.8,76.86,58.06,39.35,13.58,3.03,0.26,1853.56,806.45,43.51,384.59,20.75,77.21,4.17,411.4,22.2
North Macedonia,MKD,807,2025,87.56,102.53,109.72,104.22,103.18,107.38,118.01,123.2,127.51,127.03,123.41,122.73,121.32,113.87,97.26,64.48,35.8,17.61,5.9,0.98,0.09,1813.79,855.81,47.18,404.04,22.28,87.56,4.83,335.98,18.52
Kosovo (under UNSC res. 1244),XKX,412,2025,96.82,103.92,133.86,141.06,144.05,127.34,124.24,122.5,113.53,110.53,105.36,94.09,80.9,64.52,48.07,32.22,19.88,8.62,2.33,0.32,0.01,1674.12,993.77,59.36,475.65,28.41,96.82,5.78,175.95,10.51
Bahrain,BHR,48,2025,97.3,103.92,101.48,90.88,110.74,148.41,197.13,217.82,176.78,128.96,92.03,65.25,46.62,30.75,16.59,8.57,5.79,2.77,1.15,0.32,0.05,1643.33,1067.69,64.97,393.59,23.95,97.3,5.92,66.0,4.02
Trinidad and Tobago,TTO,780,2025,80.84,89.28,94.21,94.95,93.85,97.77,110.32,129.43,134.14,112.95,96.7,87.86,93.52,76.57,59.3,35.21,16.32,5.99,1.65,0.27,0.02,1511.15,790.66,52.32,359.28,23.78,80.84,5.35,195.32,12.93
Timor-Leste,TLS,626,2025,148.58,166.5,154.66,155.18,150.79,125.71,103.14,89.83,71.13,49.88,53.57,43.15,32.21,23.82,19.05,18.83,9.18,2.75,0.49,0.05,0.0,1418.52,1094.4,77.15,624.92,44.05,148.58,10.47,74.18,5.23
Cyprus,CYP,196,2025,74.5,74.46,71.47,68.18,74.37,88.27,112.47,131.36,122.71,103.51,88.6,82.3,73.85,65.04,51.38,40.09,26.56,14.4,5.64,1.39,0.18,1370.75,695.1,50.71,288.61,21.06,74.5,5.44,204.69,14.93
Estonia,EST,233,2025,58.33,72.61,74.11,77.72,65.32,64.19,81.12,104.07,98.1,93.01,92.75,84.67,85.17,82.07,72.29,56.96,38.16,28.68,11.51,3.07,0.33,1344.23,597.47,44.45,282.76,21.04,58.33,4.34,293.06,21.8
Mauritius,MUS,480,2025,58.79,60.21,65.37,81.29,92.64,95.61,104.68,96.5,93.36,97.21,80.74,81.28,81.58,66.83,51.16,32.51,15.94,8.2,3.39,0.84,0.14,1268.28,655.09,51.65,265.66,20.95,58.79,4.64,179.01,14.11
Eswatini,SWZ,748,2025,140.6,138.4,135.48,130.06,119.51,108.92,99.52,90.89,76.58,57.34,41.23,35.74,27.31,22.33,15.06,9.5,5.1,2.03,0.48,0.08,0.01,1256.17,963.38,76.69,544.54,43.35,140.6,11.19,54.59,4.35
Djibouti,DJI,262,2025,115.48,112.71,112.86,114.66,116.7,101.31,92.47,81.94,73.28,67.21,57.7,45.24,33.66,23.9,16.18,10.96,5.37,1.96,0.45,0.06,0.0,1184.08,848.12,71.63,455.71,38.49,115.48,9.75,58.87,4.97
Fiji,FJI,242,2025,81.0,84.54,84.81,82.46,75.0,72.42,72.25,68.93,67.16,57.1,45.05,42.91,37.6,27.26,17.11,10.31,5.02,1.79,0.39,0.04,0.0,933.15,621.41,66.59,332.81,35.67,81.0,8.68,61.91,6.63
Comoros,COM,174,2025,115.69,108.96,100.85,89.54,79.62,67.9,56.93,55.05,48.82,41.54,32.6,26.09,19.94,15.01,11.02,7.46,4.13,1.36,0.3,0.04,0.0,882.85,674.54,76.41,415.04,47.01,115.69,13.1,39.32,4.45
Réunion,REU,638,2025,57.6,59.15,64.04,67.08,57.3,44.39,47.77,53.55,54.54,54.31,57.74,62.41,59.89,47.53,37.83,25.39,16.5,9.72,4.19,1.17,0.31,882.41,450.88,51.1,247.88,28.09,57.6,6.53,142.63,16.16
Solomon Islands,SLB,90,2025,106.08,102.44,98.07,85.53,77.64,67.57,55.23,52.83,46.61,39.81,33.29,24.79,17.98,12.34,8.95,5.13,2.68,1.27,0.35,0.05,0.0,838.65,645.4,76.96,392.12,46.76,106.08,12.65,30.77,3.67
Guyana,GUY,328,2025,80.94,81.82,79.12,73.31,69.42,74.95,66.4,50.22,44.71,44.52,42.27,37.97,31.98,24.15,15.59,9.85,5.15,2.46,0.88,0.22,0.05,835.99,576.19,68.92,315.19,37.7,80.94,9.68,58.36,6.98
Bhutan,BTN,64,2025,48.78,50.72,62.71,66.65,73.39,73.0,81.08,77.0,62.7,51.39,38.47,32.77,25.22,20.46,14.74,9.11,5.32,2.31,0.73,0.12,0.01,796.68,533.34,66.95,228.86,28.73,48.78,6.12,52.8,6.63
"China, Macao SAR",MAC,446,2025,25.35,36.44,37.19,29.82,36.87,49.07,63.99,74.25,62.1,48.38,54.63,45.08,49.86,44.12,31.74,18.75,7.78,4.07,1.87,0.59,0.06,722.01,352.97,48.89,128.8,17.84,25.35,3.51,108.99,15.09
Luxembourg,LUX,442,2025,35.16,35.65,36.34,35.81,37.52,46.94,53.58,54.22,51.92,49.2,47.14,47.05,42.35,33.54,26.26,20.33,13.5,8.78,3.97,1.09,0.12,680.45,335.2,49.26,142.95,21.01,35.16,5.17,107.6,15.81
Suriname,SUR,740,2025,53.37,53.51,55.24,54.58,54.54,52.39,44.97,43.05,42.54,35.8,35.97,32.86,28.61,20.58,14.16,8.47,5.34,2.57,1.01,0.24,0.04,639.85,411.65,64.34,216.7,33.87,53.37,8.34,52.41,8.19
Montenegro,MNE,499,2025,35.58,37.81,39.74,39.9,38.51,37.68,38.15,40.39,44.8,43.41,40.85,39.67,40.48,38.21,32.39,21.09,12.04,8.23,2.97,0.73,0.09,632.73,307.77,48.64,153.04,24.19,35.58,5.62,115.75,18.29
Western Sahara,ESH,732,2025,45.43,46.83,45.66,42.39,42.06,43.93,48.51,55.39,57.67,46.4,35.94,28.18,21.84,17.6,12.32,6.7,2.87,0.92,0.21,0.04,0.01,600.9,370.21,61.61,180.31,30.01,45.43,7.56,40.66,6.77
Malta,MLT,470,2025,21.92,24.24,24.19,23.55,25.83,35.62,48.48,49.9,45.09,40.32,34.3,29.2,30.73,30.96,27.35,25.82,14.46,8.5,3.83,0.91,0.2,545.4,253.73,46.52,93.91,17.22,21.92,4.02,112.03,20.54
Maldives,MDV,462,2025,28.78,33.45,38.6,34.62,30.21,49.21,68.79,68.13,54.37,35.89,26.15,19.79,15.41,11.48,6.24,3.98,2.8,1.27,0.41,0.08,0.01,529.68,351.8,66.42,135.46,25.57,28.78,5.43,26.26,4.96
Cabo Verde,CPV,132,2025,32.87,48.01,49.34,48.41,43.22,42.1,47.2,45.27,37.54,29.59,23.53,22.45,20.07,15.06,9.88,6.53,3.5,2.02,0.63,0.1,0.01,527.33,356.42,67.59,178.63,33.88,32.87,6.23,37.72,7.15
Brunei Darussalam,BRN,96,2025,31.0,32.24,32.95,31.5,35.64,39.15,41.34,41.08,38.37,34.87,30.49,24.71,19.23,14.64,9.69,5.23,2.6,1.2,0.33,0.05,0.0,466.33,284.9,61.09,127.69,27.38,31.0,6.65,33.76,7.24
Belize,BLZ,84,2025,35.7,38.44,36.96,37.87,39.55,39.77,37.69,33.34,28.31,23.57,20.28,16.34,12.99,9.27,6.08,3.61,1.9,0.9,0.28,0.05,0.0,422.92,299.33,70.78,148.97,35.22,35.7,8.44,22.11,5.23
Bahamas,BHS,44,2025,21.76,22.66,26.3,28.86,28.66,31.25,33.75,30.57,27.9,26.89,27.22,26.34,22.11,16.01,11.48,9.27,6.67,3.43,1.36,0.43,0.1,403.03,223.82,55.53,99.59,24.71,21.76,5.4,48.74,12.09
Iceland,ISL,352,2025,23.32,22.71,23.73,25.5,26.19,29.7,33.52,30.16,27.48,25.14,23.64,21.92,21.61,19.98,16.34,12.53,8.04,4.25,1.94,0.51,0.06,398.27,214.85,53.95,95.27,23.92,23.32,5.86,63.63,15.98
Guadeloupe,GLP,312,2025,18.98,19.29,21.8,24.11,21.26,15.36,16.29,17.92,19.48,20.32,27.09,28.99,30.5,26.95,22.85,18.74,11.4,6.83,3.75,1.47,0.41,373.79,155.02,41.47,84.18,22.52,18.98,5.08,92.39,24.72
Martinique,MTQ,474,2025,15.96,16.08,17.97,20.17,17.3,13.45,14.66,17.37,17.16,17.02,24.27,28.58,30.88,26.87,22.24,16.63,11.35,7.55,3.52,1.18,0.25,340.44,132.95,39.05,70.18,20.61,15.96,4.69,89.58,26.31
Mayotte,MYT,175,2025,53.38,46.19,44.05,38.11,23.31,20.27,21.3,20.93,19.21,15.8,10.89,8.15,5.99,4.18,2.38,1.52,0.83,0.38,0.12,0.02,0.0,337.01,267.55,79.39,181.73,53.92,53.38,15.84,9.43,2.8
Vanuatu,VUT,548,2025,44.3,43.24,39.69,33.12,26.89,24.5,24.89,22.14,18.27,12.34,12.94,9.97,8.21,6.23,4.28,2.37,1.1,0.46,0.17,0.06,0.01,335.17,258.77,77.21,160.36,47.84,44.3,13.22,14.68,4.38
French Guiana,GUF,254,2025,34.73,31.67,30.76,30.36,25.09,19.8,19.43,20.38,19.78,16.8,15.98,14.18,11.93,8.88,6.22,3.92,2.23,1.06,0.39,0.06,0.01,313.67,212.22,67.66,127.52,40.65,34.73,11.07,22.77,7.26
New Caledonia,NCL,540,2025,20.63,20.68,20.97,21.29,21.57,19.59,20.68,21.66,20.84,19.43,20.06,18.06,15.11,11.84,8.96,6.94,4.25,2.01,0.65,0.13,0.01,295.33,167.06,56.57,83.57,28.3,20.63,6.99,34.78,11.78
Barbados,BRB,52,2025,15.63,16.01,16.59,18.16,18.43,18.27,18.5,18.17,18.97,18.19,19.51,18.8,19.11,17.18,13.31,9.23,5.19,2.45,0.78,0.14,0.01,282.62,139.75,49.45,66.39,23.49,15.63,5.53,48.29,17.09
French Polynesia,PYF,258,2025,14.76,17.0,20.36,21.77,20.78,18.21,19.49,21.95,21.33,19.3,19.26,18.68,15.83,12.36,9.07,5.82,3.74,1.86,0.73,0.15,0.02,282.46,154.31,54.63,73.89,26.16,14.76,5.23,33.75,11.95
Sao Tome and Principe,STP,678,2025,31.68,29.24,29.07,27.67,23.35,17.64,14.44,13.17,13.18,11.08,8.45,6.55,5.27,3.74,2.51,1.51,1.02,0.53,0.14,0.02,0.0,240.25,186.25,77.52,117.66,48.97,31.68,13.19,9.48,3.94
Samoa,WSM,882,2025,26.87,28.77,27.83,23.07,16.98,13.69,12.39,10.94,10.19,9.7,9.66,8.69,7.2,5.58,3.61,2.16,1.21,0.55,0.16,0.04,0.0,219.31,160.55,73.21,106.54,48.58,26.87,12.25,13.31,6.07
Curaçao,CUW,531,2025,7.0,8.83,11.26,10.49,12.21,15.14,15.99,12.46,11.54,10.99,12.01,12.5,12.99,11.14,8.71,6.32,3.66,1.62,0.53,0.1,0.01,185.49,93.37,50.34,37.58,20.26,7.0,3.77,32.09,17.3
Saint Lucia,LCA,662,2025,10.02,10.43,10.62,12.25,13.39,15.32,16.14,14.61,13.71,12.46,11.98,11.45,9.81,7.17,4.73,3.16,1.82,0.76,0.26,0.04,0.0,180.15,102.78,57.05,43.32,24.05,10.02,5.56,17.95,9.96
Guam,GUM,316,2025,14.48,14.92,14.32,12.27,11.43,11.46,11.17,9.83,9.21,8.95,9.75,9.77,9.29,7.69,6.05,4.28,2.18,1.26,0.46,0.16,0.05,169.0,99.89,59.1,55.99,33.13,14.48,8.57,22.13,13.1
Kiribati,KIR,296,2025,16.21,15.65,15.04,12.97,10.71,11.52,10.64,9.33,8.01,6.13,5.03,5.06,4.21,2.64,1.62,0.98,0.52,0.17,0.04,0.0,0,136.49,102.08,74.79,59.88,43.87,16.21,11.88,5.97,4.38
Seychelles,SYC,690,2025,8.94,8.79,8.52,8.23,8.54,10.47,12.24,12.2,11.14,9.84,8.54,7.43,6.31,4.93,2.9,1.83,1.06,0.58,0.25,0.06,0.01,132.78,77.92,58.68,34.47,25.96,8.94,6.73,11.61,8.75
Grenada,GRD,308,2025,6.77,7.07,8.46,8.64,8.15,9.01,9.73,10.81,9.02,6.47,6.09,5.97,6.3,5.3,3.61,2.42,1.58,1.13,0.56,0.18,0.03,117.3,68.64,58.51,30.94,26.38,6.77,5.77,14.81,12.63
Micronesia (Fed. States of),FSM,583,2025,12.06,11.81,11.93,11.7,10.8,10.24,8.76,6.47,5.45,4.83,4.52,4.26,3.81,3.16,2.13,1.08,0.45,0.17,0.04,0.0,0,113.68,83.78,73.69,47.5,41.78,12.06,10.61,7.03,6.18
Aruba,ABW,533,2025,5.14,5.88,6.85,6.95,6.93,5.8,6.39,6.75,6.82,7.17,7.59,8.24,8.43,7.33,5.65,3.57,1.8,0.69,0.14,0.01,0,108.15,50.69,46.87,24.81,22.94,5.14,4.75,19.21,17.76
Jersey,JEY,832,2025,4.37,4.88,5.5,5.5,5.64,6.04,6.24,6.82,7.58,7.5,7.68,8.39,7.77,6.23,4.76,4.01,2.5,1.64,0.71,0.2,0.04,103.99,44.98,43.25,20.24,19.47,4.37,4.2,20.09,19.32
Tonga,TON,776,2025,11.55,11.72,12.96,11.74,9.76,6.3,5.23,5.05,5.2,4.76,4.64,4.52,3.21,2.51,1.91,1.34,0.78,0.41,0.13,0.02,0.0,103.74,74.3,71.62,47.97,46.24,11.55,11.13,7.11,6.85
Saint Vincent and the Grenadines,VCT,670,2025,5.97,6.99,7.9,7.51,6.94,7.08,7.04,6.3,6.77,6.66,6.35,6.17,6.01,4.74,3.16,2.12,1.23,0.68,0.26,0.06,0.01,99.92,55.72,55.77,28.37,28.39,5.97,5.97,12.24,12.25
Antigua and Barbuda,ATG,28,2025,5.5,5.22,5.74,6.56,6.53,7.12,7.14,7.09,6.66,6.34,6.4,6.55,5.73,4.49,3.11,2.0,1.13,0.56,0.24,0.08,0.02,94.21,50.9,54.03,23.02,24.44,5.5,5.84,11.62,12.34
United States Virgin Islands,VIR,850,2025,4.72,4.49,4.64,5.04,4.67,3.94,4.35,4.51,4.91,5.02,5.51,6.33,6.58,6.05,5.01,4.13,2.64,1.14,0.39,0.09,0.01,84.14,36.34,43.19,18.88,22.44,4.72,5.61,19.46,23.12
Isle of Man,IMN,833,2025,3.48,3.71,4.5,4.72,4.47,4.42,4.61,4.87,5.1,5.22,6.19,6.56,6.4,5.32,4.66,4.39,2.82,1.66,0.73,0.23,0.05,84.12,34.79,41.36,16.42,19.52,3.48,4.14,19.86,23.61
Andorra,AND,20,2025,2.68,3.09,3.86,4.41,4.7,5.23,5.53,5.77,6.38,7.13,7.41,6.85,6.13,4.65,3.31,2.52,1.68,0.91,0.47,0.17,0.02,82.9,35.27,42.55,14.04,16.93,2.68,3.23,13.73,16.56
Cayman Islands,CYM,136,2025,4.43,3.87,3.88,4.04,3.97,4.79,6.37,7.05,7.12,6.78,6.36,5.6,4.37,2.91,1.91,1.18,0.67,0.35,0.16,0.04,0.0,75.84,38.4,50.63,16.22,21.38,4.43,5.84,7.22,9.51
Dominica,DMA,212,2025,3.54,3.8,4.26,4.34,4.35,4.69,5.57,5.12,4.72,3.81,4.37,4.64,3.97,3.24,2.27,1.53,0.93,0.49,0.19,0.04,0.01,65.87,35.66,54.14,15.94,24.2,3.54,5.38,8.69,13.2
Bermuda,BMU,60,2025,2.63,2.87,3.12,3.39,3.33,3.42,3.35,3.79,4.58,4.6,4.85,4.83,5.21,4.71,3.68,2.75,1.8,1.02,0.49,0.12,0.02,64.55,25.89,40.1,12.01,18.6,2.63,4.08,14.6,22.61
Guernsey,GGY,831,2025,2.64,2.89,3.37,3.38,3.49,3.82,4.08,4.23,4.11,3.92,4.49,4.97,4.79,3.99,3.25,3.14,1.84,1.27,0.59,0.18,0.04,64.48,27.9,43.27,12.28,19.04,2.64,4.09,14.3,22.18
Faroe Islands,FRO,234,2025,3.58,3.84,3.7,3.82,3.96,3.28,3.46,3.72,3.29,3.33,3.38,3.47,3.21,2.9,2.48,2.06,1.43,0.67,0.31,0.09,0.01,56.0,29.37,52.44,14.95,26.69,3.58,6.4,9.96,17.78
Greenland,GRL,304,2025,3.85,4.01,3.7,3.5,3.31,3.94,4.59,4.36,3.75,2.99,2.77,4.29,4.26,3.02,1.73,0.91,0.55,0.17,0.05,0.01,0,55.74,31.26,56.08,15.06,27.02,3.85,6.9,6.43,11.53
Saint Kitts and Nevis,KNA,659,2025,2.75,2.95,2.9,2.96,3.1,3.56,3.58,3.93,3.67,3.28,3.1,2.88,2.77,2.46,1.52,0.74,0.43,0.22,0.1,0.03,0.0,46.92,25.72,54.81,11.56,24.64,2.75,5.87,5.5,11.72
Turks and Caicos Islands,TCA,796,2025,2.53,2.62,2.34,2.61,2.68,3.2,3.4,3.91,4.2,4.14,3.81,3.23,2.71,2.01,1.46,0.92,0.58,0.32,0.14,0.04,0.0,46.85,23.28,49.68,10.1,21.55,2.53,5.41,5.47,11.68
American Samoa,ASM,16,2025,3.39,4.18,4.55,4.66,3.92,2.33,2.67,2.72,2.69,2.95,2.89,2.81,2.32,1.68,1.09,0.66,0.31,0.14,0.04,0.01,0,46.03,28.43,61.76,16.78,36.47,3.39,7.37,3.93,8.54
Sint Maarten (Dutch part),SXM,534,2025,1.93,1.98,2.59,2.83,2.5,2.4,2.75,3.12,3.24,3.34,3.59,3.83,3.45,2.52,1.9,1.17,0.53,0.18,0.05,0.01,0,43.92,20.11,45.78,9.33,21.25,1.93,4.4,6.36,14.48
Northern Mariana Islands,MNP,580,2025,2.75,2.97,3.53,3.87,2.93,1.78,2.12,2.32,2.61,3.15,3.68,3.92,3.22,2.36,1.31,0.63,0.23,0.11,0.04,0.01,0,43.54,22.26,51.13,13.11,30.11,2.75,6.31,4.7,10.79
Gibraltar,GIB,292,2025,2.43,2.24,2.39,2.43,2.59,2.67,2.78,2.64,2.72,2.68,2.54,2.49,2.37,2.03,1.72,1.59,0.86,0.58,0.27,0.09,0.02,40.13,20.16,50.25,9.48,23.64,2.43,6.04,7.16,17.84
Liechtenstein,LIE,438,2025,1.88,1.93,1.9,2.0,2.17,2.34,2.44,2.55,2.58,2.6,2.89,3.18,3.11,2.62,2.08,1.73,1.22,0.61,0.26,0.07,0.01,40.13,17.2,42.86,7.7,19.2,1.88,4.69,8.58,21.38
British Virgin Islands,VGB,92,2025,1.65,1.84,2.1,2.68,2.5,2.75,3.1,3.56,3.97,3.66,3.09,2.63,2.18,1.65,1.11,0.7,0.35,0.14,0.05,0.01,0,39.73,20.19,50.82,8.28,20.84,1.65,4.16,4.02,10.11
Monaco,MCO,492,2025,1.82,1.85,1.61,1.58,1.78,1.9,1.77,1.77,1.72,1.65,1.88,2.45,2.76,2.79,2.4,2.38,2.17,1.79,1.24,0.68,0.34,38.34,14.08,36.71,6.86,17.89,1.82,4.76,13.81,36.01
Marshall Islands,MHL,584,2025,3.7,4.15,4.44,4.68,3.3,1.81,1.36,2.09,2.36,2.12,1.82,1.51,1.16,0.82,0.55,0.27,0.09,0.03,0.01,0.0,0,36.28,25.54,70.38,16.98,46.8,3.7,10.2,1.77,4.88
San Marino,SMR,674,2025,1.06,1.29,1.63,1.75,1.77,1.71,1.59,1.67,2.02,2.53,2.89,3.06,2.82,2.14,1.76,1.55,1.11,0.75,0.37,0.09,0.01,33.57,12.48,37.17,5.73,17.07,1.06,3.16,7.77,23.15
"Bonaire, Sint Eustatius and Saba",BES,535,2025,1.6,1.57,1.73,1.75,1.64,1.96,2.5,2.62,2.41,2.2,2.13,2.29,2.29,1.77,1.23,0.87,0.48,0.2,0.08,0.02,0.0,31.34,15.37,49.05,6.66,21.24,1.6,5.12,4.65,14.83
Saint Martin (French part),MAF,663,2025,1.66,1.7,1.89,1.88,1.29,0.76,0.99,1.3,1.46,1.47,1.76,1.92,1.95,1.58,1.27,0.9,0.59,0.35,0.16,0.05,0.01,24.94,11.48,46.01,7.13,28.58,1.66,6.66,4.9,19.65
Palau,PLW,585,2025,0.96,1.03,1.18,1.2,1.03,0.91,1.31,1.34,1.35,1.4,1.4,1.31,1.16,0.9,0.62,0.32,0.16,0.07,0.02,0.0,0,17.66,8.96,50.71,4.37,24.72,0.96,5.42,2.09,11.83
Anguilla,AIA,660,2025,0.69,0.71,0.91,1.18,1.1,0.96,0.87,1.0,1.17,1.06,1.14,1.1,0.92,0.67,0.52,0.35,0.21,0.1,0.04,0.01,0,14.73,7.43,50.44,3.49,23.7,0.69,4.71,1.9,12.93
Cook Islands,COK,184,2025,0.79,1.05,1.27,1.23,0.75,0.48,0.61,0.74,0.78,0.82,0.91,0.96,0.92,0.69,0.5,0.38,0.23,0.1,0.03,0.01,0,13.26,6.93,52.22,4.34,32.74,0.79,5.98,1.94,14.6
Nauru,NRU,520,2025,1.46,1.46,1.55,1.3,0.9,0.83,0.87,0.9,0.81,0.57,0.4,0.34,0.28,0.2,0.11,0.04,0.01,0.0,0,0,0,12.03,9.27,77.07,5.77,47.99,1.46,12.16,0.36,3.01
Saint Barthélemy,BLM,652,2025,0.53,0.76,0.8,0.86,0.8,0.63,0.64,0.7,0.67,0.65,0.74,0.81,0.77,0.64,0.55,0.39,0.24,0.16,0.07,0.02,0.01,11.41,5.71,50.03,2.94,25.73,0.53,4.61,2.07,18.13
Wallis and Futuna Islands,WLF,876,2025,0.47,0.75,0.95,1.01,0.89,0.5,0.55,0.58,0.66,0.83,0.88,0.75,0.68,0.56,0.44,0.34,0.19,0.12,0.04,0.01,0.0,11.19,5.7,50.89,3.18,28.41,0.47,4.23,1.7,15.2
Tuvalu,TUV,798,2025,1.02,1.09,1.02,0.86,0.72,0.69,0.64,0.54,0.42,0.4,0.45,0.52,0.43,0.3,0.16,0.11,0.06,0.03,0.01,0,0,9.49,6.59,69.48,3.99,42.08,1.02,10.76,0.67,7.04
Saint Pierre and Miquelon,SPM,666,2025,0.15,0.23,0.34,0.39,0.31,0.16,0.28,0.3,0.39,0.4,0.46,0.54,0.47,0.39,0.27,0.21,0.14,0.1,0.04,0.01,0,5.57,2.16,38.67,1.11,19.96,0.15,2.77,1.16,20.74
Saint Helena,SHN,654,2025,0.2,0.23,0.27,0.26,0.21,0.19,0.26,0.25,0.32,0.28,0.38,0.45,0.45,0.45,0.35,0.33,0.2,0.09,0.03,0.01,0,5.2,1.87,35.92,0.95,18.31,0.2,3.77,1.45,27.83
Montserrat,MSR,500,2025,0.22,0.24,0.23,0.28,0.22,0.23,0.27,0.32,0.28,0.28,0.29,0.32,0.31,0.27,0.25,0.17,0.1,0.04,0.02,0.01,0,4.36,2.01,46.15,0.97,22.32,0.22,4.99,0.86,19.72
Falkland Islands (Malvinas),FLK,238,2025,0.19,0.17,0.2,0.18,0.14,0.16,0.23,0.25,0.29,0.31,0.34,0.3,0.25,0.18,0.08,0.07,0.06,0.04,0.01,0.0,0,3.47,1.52,43.89,0.74,21.35,0.19,5.52,0.46,13.17
Tokelau,TKL,772,2025,0.25,0.21,0.21,0.25,0.22,0.24,0.21,0.17,0.15,0.13,0.1,0.14,0.11,0.1,0.05,0.03,0.03,0.02,0.0,0,0,2.61,1.76,67.5,0.92,35.35,0.25,9.49,0.22,8.44
Niue,NIU,570,2025,0.12,0.13,0.16,0.17,0.12,0.11,0.09,0.09,0.09,0.13,0.11,0.09,0.11,0.12,0.09,0.05,0.03,0.02,0.0,0,0,1.82,0.97,53.39,0.57,31.39,0.12,6.81,0.31,16.84
Holy See,VAT,336,2025,0.01,0.01,0.01,0.02,0.02,0.02,0.02,0.03,0.03,0.03,0.03,0.03,0.03,0.03,0.02,0.06,0.05,0.03,0.01,0.0,0,0.5,0.14,28.02,0.05,10.07,0.01,1.99,0.21,42.07
